{"cameraMode":{"drawMode":0,"name":"Shaded","section":"Shading Mode"},"sceneLighting":true,"audioPlay":false,"sceneViewState":{"showFog":true,"showMaterialUpdate":false,"showSkybox":true,"showFlares":true,"showImageEffects":true,"showParticleSystems":true},"in2DMode":false,"pivot":{"x":26.968290328979493,"y":0.9900000095367432,"z":41.52000045776367},"rotation":{"x":0.18028990924358369,"y":0.45856788754463198,"z":-0.09557973593473435,"w":0.8649248480796814},"size":5.081608772277832,"orthographic":true}